"","group","year_mid","parameter","0.1","0.5","0.9"
"1",1636,1985,"mmr",836.104171664741,961.637312103743,1122.76363639785
"2",1636,1985,"pm",0.285782367753571,0.32868988971315,0.383763245432112
"3",1636,1985,"maternal_deaths_aggregated_samples",85182.2930092038,97971.6093571294,114387.159276213
"4",1636,1985,"maternal_deaths_summation_of_country_estimates",95623.6942246669,95623.6942246669,95623.6942246669
"5",1636,1985,"mmr_rate",0.00176755216098127,0.00176755216098127,0.00176755216098127
"6",1636,1985,"pm_mean",0.332745167632944,0.332745167632944,0.332745167632944
"7",1636,1985,"mmr_mean",973.501706722113,973.501706722113,973.501706722113
"8",1636,1985,"births",10188000,10188000,10188000
"9",1636,1985,"hiv_related_indirect_mmr",1.2765647201525e-05,1.2765647201525e-05,1.2765647201525e-05
"10",1636,1985,"hiv_related_indirect_maternal_deaths",130.056413689137,130.056413689137,130.056413689137
"11",1636,1985,"hiv_related_indirect_percentage",0.136008564345539,0.136008564345539,0.136008564345539
"12",1636,1985,"lifetime_risk",0.0439165358329778,0.0500213377034202,0.0576638210932262
"13",1636,1985,"lifetime_risk_1_in",23,20,17
"14",1636,1986,"mmr",806.542088905693,921.688549224444,1066.20077185001
"15",1636,1986,"pm",0.279221670423828,0.319084918028445,0.369114476005905
"16",1636,1986,"maternal_deaths_aggregated_samples",84009.423980417,96003.0792872181,111055.472395897
"17",1636,1986,"maternal_deaths_summation_of_country_estimates",93993.7091507228,93993.7091507228,93993.7091507228
"18",1636,1986,"mmr_rate",0.00168898417670574,0.00168898417670574,0.00168898417670574
"19",1636,1986,"pm_mean",0.322473688152726,0.322473688152726,0.322473688152726
"20",1636,1986,"mmr_mean",931.477136660048,931.477136660048,931.477136660048
"21",1636,1986,"births",10416000,10416000,10416000
"22",1636,1986,"hiv_related_indirect_mmr",1.90047369295438e-05,1.90047369295438e-05,1.90047369295438e-05
"23",1636,1986,"hiv_related_indirect_maternal_deaths",197.953339858128,197.953339858128,197.953339858128
"24",1636,1986,"hiv_related_indirect_percentage",0.210602753787173,0.210602753787173,0.210602753787173
"25",1636,1986,"lifetime_risk",0.0425211411906717,0.0480679142008651,0.054972330802637
"26",1636,1986,"lifetime_risk_1_in",24,21,18
"27",1636,1987,"mmr",871.840192790126,985.196156086056,1113.39663686045
"28",1636,1987,"pm",0.286113621250453,0.323313885034047,0.365385705195293
"29",1636,1987,"maternal_deaths_aggregated_samples",92650.4572878067,104696.795507265,118320.66059916
"30",1636,1987,"maternal_deaths_summation_of_country_estimates",103014.654512773,103014.654512773,103014.654512773
"31",1636,1987,"mmr_rate",0.00180056154554217,0.00180056154554217,0.00180056154554217
"32",1636,1987,"pm_mean",0.324937737159931,0.324937737159931,0.324937737159931
"33",1636,1987,"mmr_mean",990.144328578879,990.144328578879,990.144328578879
"34",1636,1987,"births",10627000,10627000,10627000
"35",1636,1987,"hiv_related_indirect_mmr",2.65972968158066e-05,2.65972968158066e-05,2.65972968158066e-05
"36",1636,1987,"hiv_related_indirect_maternal_deaths",282.649473261577,282.649473261577,282.649473261577
"37",1636,1987,"hiv_related_indirect_percentage",0.274377926711904,0.274377926711904,0.274377926711904
"38",1636,1987,"lifetime_risk",0.0435987904412318,0.0488198504895676,0.0548316574131963
"39",1636,1987,"lifetime_risk_1_in",23,20,18
"40",1636,1988,"mmr",827.642769567483,926.603153051616,1037.99846801514
"41",1636,1988,"pm",0.276756013997664,0.30984744218843,0.347096995354261
"42",1636,1988,"maternal_deaths_aggregated_samples",89344.0369748098,100026.810371922,112051.934622235
"43",1636,1988,"maternal_deaths_summation_of_country_estimates",98532.0789681064,98532.0789681064,98532.0789681064
"44",1636,1988,"mmr_rate",0.00169286412379817,0.00169286412379817,0.00169286412379817
"45",1636,1988,"pm_mean",0.311233483846785,0.311233483846785,0.311233483846785
"46",1636,1988,"mmr_mean",930.748130211414,930.748130211414,930.748130211414
"47",1636,1988,"births",10795000,10795000,10795000
"48",1636,1988,"hiv_related_indirect_mmr",3.67322680496305e-05,3.67322680496305e-05,3.67322680496305e-05
"49",1636,1988,"hiv_related_indirect_maternal_deaths",396.524833595761,396.524833595761,396.524833595761
"50",1636,1988,"hiv_related_indirect_percentage",0.40243222080406,0.40243222080406,0.40243222080406
"51",1636,1988,"lifetime_risk",0.0412002565112005,0.0457996329703827,0.0513184450907063
"52",1636,1988,"lifetime_risk_1_in",24,22,19
"53",1636,1989,"mmr",810.51864376339,900.626488287377,1003.4526779587
"54",1636,1989,"pm",0.269053663795527,0.298965185131208,0.333098592521746
"55",1636,1989,"maternal_deaths_aggregated_samples",88913.8952208439,98798.7257651253,110078.758772069
"56",1636,1989,"maternal_deaths_summation_of_country_estimates",97490.1584425943,97490.1584425943,97490.1584425943
"57",1636,1989,"mmr_rate",0.00163005148139159,0.00163005148139159,0.00163005148139159
"58",1636,1989,"pm_mean",0.300372480482827,0.300372480482827,0.300372480482827
"59",1636,1989,"mmr_mean",904.865936669821,904.865936669821,904.865936669821
"60",1636,1989,"births",10970000,10970000,10970000
"61",1636,1989,"hiv_related_indirect_mmr",4.80390598719815e-05,4.80390598719815e-05,4.80390598719815e-05
"62",1636,1989,"hiv_related_indirect_maternal_deaths",526.988486795638,526.988486795638,526.988486795638
"63",1636,1989,"hiv_related_indirect_percentage",0.540555575264499,0.540555575264499,0.540555575264499
"64",1636,1989,"lifetime_risk",0.0419132179012111,0.0463893179613873,0.0515327488151903
"65",1636,1989,"lifetime_risk_1_in",24,22,19
"66",1636,1990,"mmr",808.913983164248,895.407402860637,993.017615134074
"67",1636,1990,"pm",0.263176809594637,0.291317084976678,0.323074162718728
"68",1636,1990,"maternal_deaths_aggregated_samples",90477.0290169212,100151.318009962,111069.020252746
"69",1636,1990,"maternal_deaths_summation_of_country_estimates",99081.158541918,99081.158541918,99081.158541918
"70",1636,1990,"mmr_rate",0.00161155064951475,0.00161155064951475,0.00161155064951475
"71",1636,1990,"pm_mean",0.292522685763348,0.292522685763348,0.292522685763348
"72",1636,1990,"mmr_mean",899.11300038632,899.11300038632,899.11300038632
"73",1636,1990,"births",11185000,11185000,11185000
"74",1636,1990,"hiv_related_indirect_mmr",6.22058937038722e-05,6.22058937038722e-05,6.22058937038722e-05
"75",1636,1990,"hiv_related_indirect_maternal_deaths",695.77292107781,695.77292107781,695.77292107781
"76",1636,1990,"hiv_related_indirect_percentage",0.702225257876301,0.702225257876301,0.702225257876301
"77",1636,1990,"lifetime_risk",0.0414795682730724,0.0458136814315652,0.050716205062644
"78",1636,1990,"lifetime_risk_1_in",24,22,20
"79",1636,1991,"mmr",795.909288809633,878.557075429328,967.114596994229
"80",1636,1991,"pm",0.255094086282359,0.281583237630928,0.309966497337339
"81",1636,1991,"maternal_deaths_aggregated_samples",90295.9088154529,99672.3002074572,109719.151028995
"82",1636,1991,"maternal_deaths_summation_of_country_estimates",98660.6818905478,98660.6818905478,98660.6818905478
"83",1636,1991,"mmr_rate",0.00157586247998285,0.00157586247998285,0.00157586247998285
"84",1636,1991,"pm_mean",0.282214607083542,0.282214607083542,0.282214607083542
"85",1636,1991,"mmr_mean",880.52698707773,880.52698707773,880.52698707773
"86",1636,1991,"births",11345000,11345000,11345000
"87",1636,1991,"hiv_related_indirect_mmr",8.07257498808221e-05,8.07257498808221e-05,8.07257498808221e-05
"88",1636,1991,"hiv_related_indirect_maternal_deaths",915.833632397927,915.833632397927,915.833632397927
"89",1636,1991,"hiv_related_indirect_percentage",0.928266067949879,0.928266067949879,0.928266067949879
"90",1636,1991,"lifetime_risk",0.0407932198754992,0.0448978891957979,0.0492885643528081
"91",1636,1991,"lifetime_risk_1_in",25,22,20
"92",1636,1992,"mmr",846.327081069701,934.983534354528,1032.75620841256
"93",1636,1992,"pm",0.255261583942593,0.282001348270605,0.311490665349778
"94",1636,1992,"maternal_deaths_aggregated_samples",97666.1451554435,107897.099864513,119180.066450809
"95",1636,1992,"maternal_deaths_summation_of_country_estimates",106782.275328841,106782.275328841,106782.275328841
"96",1636,1992,"mmr_rate",0.00164483766848101,0.00164483766848101,0.00164483766848101
"97",1636,1992,"pm_mean",0.282917865854325,0.282917865854325,0.282917865854325
"98",1636,1992,"mmr_mean",938.022274612263,938.022274612263,938.022274612263
"99",1636,1992,"births",11540000,11540000,11540000
"100",1636,1992,"hiv_related_indirect_mmr",0.000102507120748016,0.000102507120748016,0.000102507120748016
"101",1636,1992,"hiv_related_indirect_maternal_deaths",1182.9321734321,1182.9321734321,1182.9321734321
"102",1636,1992,"hiv_related_indirect_percentage",1.10779824628123,1.10779824628123,1.10779824628123
"103",1636,1992,"lifetime_risk",0.0407050192388545,0.0447023240224396,0.0491162919025029
"104",1636,1992,"lifetime_risk_1_in",25,22,20
"105",1636,1993,"mmr",836.551320434636,923.147463510035,1020.62572388492
"106",1636,1993,"pm",0.247119361398676,0.272700079584935,0.30149540255637
"107",1636,1993,"maternal_deaths_aggregated_samples",98654.4972188566,108866.780371738,120362.391617749
"108",1636,1993,"maternal_deaths_summation_of_country_estimates",107636.20303814,107636.20303814,107636.20303814
"109",1636,1993,"mmr_rate",0.00161498461003604,0.00161498461003604,0.00161498461003604
"110",1636,1993,"pm_mean",0.273771614513327,0.273771614513327,0.273771614513327
"111",1636,1993,"mmr_mean",926.774835943198,926.774835943198,926.774835943198
"112",1636,1993,"births",11793000,11793000,11793000
"113",1636,1993,"hiv_related_indirect_mmr",0.000127008457859733,0.000127008457859733,0.000127008457859733
"114",1636,1993,"hiv_related_indirect_maternal_deaths",1497.81074353983,1497.81074353983,1497.81074353983
"115",1636,1993,"hiv_related_indirect_percentage",1.39154921974449,1.39154921974449,1.39154921974449
"116",1636,1993,"lifetime_risk",0.0400130311328454,0.043915960781876,0.0482709732990193
"117",1636,1993,"lifetime_risk_1_in",25,23,21
"118",1636,1994,"mmr",786.635982458772,868.581102997127,957.840828872812
"119",1636,1994,"pm",0.227305561130514,0.250984342703228,0.276776745452351
"120",1636,1994,"maternal_deaths_aggregated_samples",93491.6865152251,103230.864091209,113839.382511534
"121",1636,1994,"maternal_deaths_summation_of_country_estimates",101945.4864971,101945.4864971,101945.4864971
"122",1636,1994,"mmr_rate",0.00149965205468969,0.00149965205468969,0.00149965205468969
"123",1636,1994,"pm_mean",0.251688883095365,0.251688883095365,0.251688883095365
"124",1636,1994,"mmr_mean",871.019304776237,871.019304776237,871.019304776237
"125",1636,1994,"births",11885000,11885000,11885000
"126",1636,1994,"hiv_related_indirect_mmr",0.000139472224776684,0.000139472224776684,0.000139472224776684
"127",1636,1994,"hiv_related_indirect_maternal_deaths",1657.62739147089,1657.62739147089,1657.62739147089
"128",1636,1994,"hiv_related_indirect_percentage",1.62599389970838,1.62599389970838,1.62599389970838
"129",1636,1994,"lifetime_risk",0.0367417353019003,0.0404483573886436,0.0444551983981157
"130",1636,1994,"lifetime_risk_1_in",27,25,22
"131",1636,1995,"mmr",766.554235296133,842.9156329234,924.3785447205
"132",1636,1995,"pm",0.225505233747167,0.247969260463483,0.271934052673434
"133",1636,1995,"maternal_deaths_aggregated_samples",91948.1805237711,101107.730169162,110879.206439224
"134",1636,1995,"maternal_deaths_summation_of_country_estimates",100275.03700124,100275.03700124,100275.03700124
"135",1636,1995,"mmr_rate",0.00144880575668997,0.00144880575668997,0.00144880575668997
"136",1636,1995,"pm_mean",0.248469515628028,0.248469515628028,0.248469515628028
"137",1636,1995,"mmr_mean",844.616137646678,844.616137646678,844.616137646678
"138",1636,1995,"births",11995000,11995000,11995000
"139",1636,1995,"hiv_related_indirect_mmr",0.000161538386444825,0.000161538386444825,0.000161538386444825
"140",1636,1995,"hiv_related_indirect_maternal_deaths",1937.65294540568,1937.65294540568,1937.65294540568
"141",1636,1995,"hiv_related_indirect_percentage",1.9323383000913,1.9323383000913,1.9323383000913
"142",1636,1995,"lifetime_risk",0.0376734351848829,0.0414820009801452,0.0454706183982506
"143",1636,1995,"lifetime_risk_1_in",27,24,22
"144",1636,1996,"mmr",755.072430559391,830.505441563186,908.703799925623
"145",1636,1996,"pm",0.216373718003672,0.237989817851221,0.260398356232272
"146",1636,1996,"maternal_deaths_aggregated_samples",91643.1408969933,100798.445442524,110289.380196973
"147",1636,1996,"maternal_deaths_summation_of_country_estimates",99892.9461615319,99892.9461615319,99892.9461615319
"148",1636,1996,"mmr_rate",0.00141232512012796,0.00141232512012796,0.00141232512012796
"149",1636,1996,"pm_mean",0.238253964029055,0.238253964029055,0.238253964029055
"150",1636,1996,"mmr_mean",831.427224016066,831.427224016066,831.427224016066
"151",1636,1996,"births",12137000,12137000,12137000
"152",1636,1996,"hiv_related_indirect_mmr",0.000183095003108159,0.000183095003108159,0.000183095003108159
"153",1636,1996,"hiv_related_indirect_maternal_deaths",2222.22405272373,2222.22405272373,2222.22405272373
"154",1636,1996,"hiv_related_indirect_percentage",2.22460557838617,2.22460557838617,2.22460557838617
"155",1636,1996,"lifetime_risk",0.0368550464709923,0.0405632273085544,0.0444020078286069
"156",1636,1996,"lifetime_risk_1_in",27,25,23
"157",1636,1997,"mmr",734.803415707622,806.829542189903,880.051144777351
"158",1636,1997,"pm",0.206154681485896,0.226362158541945,0.246905035502806
"159",1636,1997,"maternal_deaths_aggregated_samples",90270.5996196814,99119.0092580296,108114.283135898
"160",1636,1997,"maternal_deaths_summation_of_country_estimates",98136.3879014083,98136.3879014083,98136.3879014083
"161",1636,1997,"mmr_rate",0.00132903117136406,0.00132903117136406,0.00132903117136406
"162",1636,1997,"pm_mean",0.226473958510216,0.226473958510216,0.226473958510216
"163",1636,1997,"mmr_mean",807.228034224959,807.228034224959,807.228034224959
"164",1636,1997,"births",12285000,12285000,12285000
"165",1636,1997,"hiv_related_indirect_mmr",0.000199445706249285,0.000199445706249285,0.000199445706249285
"166",1636,1997,"hiv_related_indirect_maternal_deaths",2450.19050127246,2450.19050127246,2450.19050127246
"167",1636,1997,"hiv_related_indirect_percentage",2.49671967113159,2.49671967113159,2.49671967113159
"168",1636,1997,"lifetime_risk",0.0348228591261433,0.0382744195491444,0.0418295615409467
"169",1636,1997,"lifetime_risk_1_in",29,26,24
"170",1636,1998,"mmr",785.731119303175,865.363179214357,950.354988051711
"171",1636,1998,"pm",0.208077213820689,0.22916536567067,0.251672885541005
"172",1636,1998,"maternal_deaths_aggregated_samples",97391.3722376285,107261.76606362,117796.50076901
"173",1636,1998,"maternal_deaths_summation_of_country_estimates",106256.557745624,106256.557745624,106256.557745624
"174",1636,1998,"mmr_rate",0.00141729247297092,0.00141729247297092,0.00141729247297092
"175",1636,1998,"pm_mean",0.229638488344121,0.229638488344121,0.229638488344121
"176",1636,1998,"mmr_mean",867.149762189748,867.149762189748,867.149762189748
"177",1636,1998,"births",12395000,12395000,12395000
"178",1636,1998,"hiv_related_indirect_mmr",0.000219516957960606,0.000219516957960606,0.000219516957960606
"179",1636,1998,"hiv_related_indirect_maternal_deaths",2720.91269392172,2720.91269392172,2720.91269392172
"180",1636,1998,"hiv_related_indirect_percentage",2.56070095968619,2.56070095968619,2.56070095968619
"181",1636,1998,"lifetime_risk",0.0344940990226294,0.0378607473225198,0.0414267931094999
"182",1636,1998,"lifetime_risk_1_in",29,26,24
"183",1636,1999,"mmr",688.453236324576,751.901104829304,821.831900747477
"184",1636,1999,"pm",0.189663065353106,0.207142418482408,0.226407763485696
"185",1636,1999,"maternal_deaths_aggregated_samples",86531.6872736359,94506.4498659953,103296.05160495
"186",1636,1999,"maternal_deaths_summation_of_country_estimates",93705.526712723,93705.526712723,93705.526712723
"187",1636,1999,"mmr_rate",0.0012200377320289,0.0012200377320289,0.0012200377320289
"188",1636,1999,"pm_mean",0.20773774910707,0.20773774910707,0.20773774910707
"189",1636,1999,"mmr_mean",754.062080633786,754.062080633786,754.062080633786
"190",1636,1999,"births",12569000,12569000,12569000
"191",1636,1999,"hiv_related_indirect_mmr",0.000232547588763123,0.000232547588763123,0.000232547588763123
"192",1636,1999,"hiv_related_indirect_maternal_deaths",2922.8906431637,2922.8906431637,2922.8906431637
"193",1636,1999,"hiv_related_indirect_percentage",3.11922972497079,3.11922972497079,3.11922972497079
"194",1636,1999,"lifetime_risk",0.0330782337363106,0.036243683773573,0.0396020458405865
"195",1636,1999,"lifetime_risk_1_in",30,28,25
"196",1636,2000,"mmr",667.156523398399,729.263539177734,795.132324780231
"197",1636,2000,"pm",0.182896044534159,0.199922225236101,0.217979667414136
"198",1636,2000,"maternal_deaths_aggregated_samples",84875.6529067443,92776.9074541913,101156.734358541
"199",1636,2000,"maternal_deaths_summation_of_country_estimates",91856.4672717461,91856.4672717461,91856.4672717461
"200",1636,2000,"mmr_rate",0.00115837649151435,0.00115837649151435,0.00115837649151435
"201",1636,2000,"pm_mean",0.200265979061465,0.200265979061465,0.200265979061465
"202",1636,2000,"mmr_mean",730.517462452121,730.517462452121,730.517462452121
"203",1636,2000,"births",12722000,12722000,12722000
"204",1636,2000,"hiv_related_indirect_mmr",0.000237698620583865,0.000237698620583865,0.000237698620583865
"205",1636,2000,"hiv_related_indirect_maternal_deaths",3024.00185106794,3024.00185106794,3024.00185106794
"206",1636,2000,"hiv_related_indirect_percentage",3.29209465689748,3.29209465689748,3.29209465689748
"207",1636,2000,"lifetime_risk",0.0316615621557314,0.0346668476603039,0.0378106798364778
"208",1636,2000,"lifetime_risk_1_in",32,29,26
"209",1636,2001,"mmr",659.536781032247,718.592496467743,780.978893994386
"210",1636,2001,"pm",0.174616765915309,0.190252160839034,0.206769376082374
"211",1636,2001,"maternal_deaths_aggregated_samples",84730.6902592127,92317.5780212109,100332.358511459
"212",1636,2001,"maternal_deaths_summation_of_country_estimates",91290.5825988303,91290.5825988303,91290.5825988303
"213",1636,2001,"mmr_rate",0.00112752420519977,0.00112752420519977,0.00112752420519977
"214",1636,2001,"pm_mean",0.190546100945572,0.190546100945572,0.190546100945572
"215",1636,2001,"mmr_mean",719.702723831459,719.702723831459,719.702723831459
"216",1636,2001,"births",12847000,12847000,12847000
"217",1636,2001,"hiv_related_indirect_mmr",0.000262141549594226,0.000262141549594226,0.000262141549594226
"218",1636,2001,"hiv_related_indirect_maternal_deaths",3367.73248763702,3367.73248763702,3367.73248763702
"219",1636,2001,"hiv_related_indirect_percentage",3.68902507987737,3.68902507987737,3.68902507987737
"220",1636,2001,"lifetime_risk",0.0309421609078831,0.0337770100919622,0.0367385838769229
"221",1636,2001,"lifetime_risk_1_in",32,30,27
"222",1636,2002,"mmr",646.153860673266,704.442429360782,765.894725282321
"223",1636,2002,"pm",0.176317741767241,0.192223100269811,0.208991753531447
"224",1636,2002,"maternal_deaths_aggregated_samples",84103.3865052323,91690.2266055994,99688.8574427469
"225",1636,2002,"maternal_deaths_summation_of_country_estimates",90702.1055723121,90702.1055723121,90702.1055723121
"226",1636,2002,"mmr_rate",0.0010930302967617,0.0010930302967617,0.0010930302967617
"227",1636,2002,"pm_mean",0.1925108651895,0.1925108651895,0.1925108651895
"228",1636,2002,"mmr_mean",705.497005105456,705.497005105456,705.497005105456
"229",1636,2002,"births",13016000,13016000,13016000
"230",1636,2002,"hiv_related_indirect_mmr",0.000247779981546825,0.000247779981546825,0.000247779981546825
"231",1636,2002,"hiv_related_indirect_maternal_deaths",3225.10423981347,3225.10423981347,3225.10423981347
"232",1636,2002,"hiv_related_indirect_percentage",3.55571044295356,3.55571044295356,3.55571044295356
"233",1636,2002,"lifetime_risk",0.0301504659439196,0.0328723903925219,0.0357917745095476
"234",1636,2002,"lifetime_risk_1_in",33,30,28
"235",1636,2003,"mmr",618.64078159067,671.757228303684,729.562068589394
"236",1636,2003,"pm",0.169363523143562,0.18390506133484,0.199730127668758
"237",1636,2003,"maternal_deaths_aggregated_samples",81982.2763763955,89021.2678948042,96681.5653294665
"238",1636,2003,"maternal_deaths_summation_of_country_estimates",88053.5968655393,88053.5968655393,88053.5968655393
"239",1636,2003,"mmr_rate",0.00102732340684058,0.00102732340684058,0.00102732340684058
"240",1636,2003,"pm_mean",0.184332904049053,0.184332904049053,0.184332904049053
"241",1636,2003,"mmr_mean",673.320026161249,673.320026161249,673.320026161249
"242",1636,2003,"births",13252000,13252000,13252000
"243",1636,2003,"hiv_related_indirect_mmr",0.000248150392310057,0.000248150392310057,0.000248150392310057
"244",1636,2003,"hiv_related_indirect_maternal_deaths",3288.48899889287,3288.48899889287,3288.48899889287
"245",1636,2003,"hiv_related_indirect_percentage",3.7346447118049,3.7346447118049,3.7346447118049
"246",1636,2003,"lifetime_risk",0.0286438273714112,0.0311224582131444,0.0338593902947398
"247",1636,2003,"lifetime_risk_1_in",35,32,30
"248",1636,2004,"mmr",595.19164302079,644.939947427532,700.820891194122
"249",1636,2004,"pm",0.169027218858124,0.183155134858593,0.19902464617111
"250",1636,2004,"maternal_deaths_aggregated_samples",80452.0543871201,87176.5326937795,94729.9598627095
"251",1636,2004,"maternal_deaths_summation_of_country_estimates",86257.9519187395,86257.9519187395,86257.9519187395
"252",1636,2004,"mmr_rate",0.000973099782473565,0.000973099782473565,0.000973099782473565
"253",1636,2004,"pm_mean",0.183735666629276,0.183735666629276,0.183735666629276
"254",1636,2004,"mmr_mean",646.984160547481,646.984160547481,646.984160547481
"255",1636,2004,"births",13517000,13517000,13517000
"256",1636,2004,"hiv_related_indirect_mmr",0.00023530134037496,0.00023530134037496,0.00023530134037496
"257",1636,2004,"hiv_related_indirect_maternal_deaths",3180.56821784834,3180.56821784834,3180.56821784834
"258",1636,2004,"hiv_related_indirect_percentage",3.68727537241394,3.68727537241394,3.68727537241394
"259",1636,2004,"lifetime_risk",0.0273261731289778,0.029632521142061,0.0322232606269387
"260",1636,2004,"lifetime_risk_1_in",37,34,31
"261",1636,2005,"mmr",582.612195004132,630.230181948393,685.062938229349
"262",1636,2005,"pm",0.170153606472257,0.184060579723061,0.200074647595349
"263",1636,2005,"maternal_deaths_aggregated_samples",79986.8282521173,86524.3016796949,94052.2907895073
"264",1636,2005,"maternal_deaths_summation_of_country_estimates",85659.6995231272,85659.6995231272,85659.6995231272
"265",1636,2005,"mmr_rate",0.000961685360257192,0.000961685360257192,0.000961685360257192
"266",1636,2005,"pm_mean",0.184762944596889,0.184762944596889,0.184762944596889
"267",1636,2005,"mmr_mean",632.635105060625,632.635105060625,632.635105060625
"268",1636,2005,"births",13729000,13729000,13729000
"269",1636,2005,"hiv_related_indirect_mmr",0.00022077256970326,0.00022077256970326,0.00022077256970326
"270",1636,2005,"hiv_related_indirect_maternal_deaths",3030.98660945606,3030.98660945606,3030.98660945606
"271",1636,2005,"hiv_related_indirect_percentage",3.53840443794427,3.53840443794427,3.53840443794427
"272",1636,2005,"lifetime_risk",0.0272205513785142,0.0294457936716171,0.031993329780339
"273",1636,2005,"lifetime_risk_1_in",37,34,31
"274",1636,2006,"mmr",555.995902023243,600.331287041605,652.125387581591
"275",1636,2006,"pm",0.169583432463651,0.183106098266855,0.19890373511809
"276",1636,2006,"maternal_deaths_aggregated_samples",77728.2271028494,83926.3139284164,91167.1291839065
"277",1636,2006,"maternal_deaths_summation_of_country_estimates",83104.2041726377,83104.2041726377,83104.2041726377
"278",1636,2006,"mmr_rate",0.000894325857889763,0.000894325857889763,0.000894325857889763
"279",1636,2006,"pm_mean",0.183864421949532,0.183864421949532,0.183864421949532
"280",1636,2006,"mmr_mean",602.817525548813,602.817525548813,602.817525548813
"281",1636,2006,"births",13980000,13980000,13980000
"282",1636,2006,"hiv_related_indirect_mmr",0.000195572743418881,0.000195572743418881,0.000195572743418881
"283",1636,2006,"hiv_related_indirect_maternal_deaths",2734.10695299595,2734.10695299595,2734.10695299595
"284",1636,2006,"hiv_related_indirect_percentage",3.28997429217446,3.28997429217446,3.28997429217446
"285",1636,2006,"lifetime_risk",0.0254796873606671,0.0275305032460322,0.0299329680539486
"286",1636,2006,"lifetime_risk_1_in",39,36,33
"287",1636,2007,"mmr",543.015229286921,586.034770180964,638.161715898352
"288",1636,2007,"pm",0.170825990368498,0.184359414998362,0.200757918478184
"289",1636,2007,"maternal_deaths_aggregated_samples",77395.9606302648,83527.5357938928,90957.1893669921
"290",1636,2007,"maternal_deaths_summation_of_country_estimates",82568.7547328568,82568.7547328568,82568.7547328568
"291",1636,2007,"mmr_rate",0.000864568789824074,0.000864568789824074,0.000864568789824074
"292",1636,2007,"pm_mean",0.185314441281681,0.185314441281681,0.185314441281681
"293",1636,2007,"mmr_mean",589.070571788746,589.070571788746,589.070571788746
"294",1636,2007,"births",14253000,14253000,14253000
"295",1636,2007,"hiv_related_indirect_mmr",0.000177277542208581,0.000177277542208581,0.000177277542208581
"296",1636,2007,"hiv_related_indirect_maternal_deaths",2526.7368090989,2526.7368090989,2526.7368090989
"297",1636,2007,"hiv_related_indirect_percentage",3.060160974056,3.060160974056,3.060160974056
"298",1636,2007,"lifetime_risk",0.0248117182118121,0.0268069670414282,0.0291951370504553
"299",1636,2007,"lifetime_risk_1_in",40,37,34
"300",1636,2008,"mmr",522.877619369757,564.573032554479,615.295247504092
"301",1636,2008,"pm",0.171666809251629,0.185355898776014,0.20200859240071
"302",1636,2008,"maternal_deaths_aggregated_samples",75378.0376083442,81388.8483730538,88700.9628801899
"303",1636,2008,"maternal_deaths_summation_of_country_estimates",80301.1988006262,80301.1988006262,80301.1988006262
"304",1636,2008,"mmr_rate",0.000818152810044922,0.000818152810044922,0.000818152810044922
"305",1636,2008,"pm_mean",0.186343766809451,0.186343766809451,0.186343766809451
"306",1636,2008,"mmr_mean",567.58196647611,567.58196647611,567.58196647611
"307",1636,2008,"births",14416000,14416000,14416000
"308",1636,2008,"hiv_related_indirect_mmr",0.000155506394583184,0.000155506394583184,0.000155506394583184
"309",1636,2008,"hiv_related_indirect_maternal_deaths",2241.78018431118,2241.78018431118,2241.78018431118
"310",1636,2008,"hiv_related_indirect_percentage",2.79171446727356,2.79171446727356,2.79171446727356
"311",1636,2008,"lifetime_risk",0.0236397393472785,0.0255440449086622,0.0278584577352493
"312",1636,2008,"lifetime_risk_1_in",42,39,36
"313",1636,2009,"mmr",510.862976808189,552.156857808999,601.814701379506
"314",1636,2009,"pm",0.175041595178164,0.189190490536837,0.206205205922941
"315",1636,2009,"maternal_deaths_aggregated_samples",74933.3814382252,80990.367903424,88274.180398346
"316",1636,2009,"maternal_deaths_summation_of_country_estimates",79737.709472721,79737.709472721,79737.709472721
"317",1636,2009,"mmr_rate",0.000797637291025109,0.000797637291025109,0.000797637291025109
"318",1636,2009,"pm_mean",0.190145763879314,0.190145763879314,0.190145763879314
"319",1636,2009,"mmr_mean",554.944845332231,554.944845332231,554.944845332231
"320",1636,2009,"births",14668000,14668000,14668000
"321",1636,2009,"hiv_related_indirect_mmr",0.000132321539641994,0.000132321539641994,0.000132321539641994
"322",1636,2009,"hiv_related_indirect_maternal_deaths",1940.89234346877,1940.89234346877,1940.89234346877
"323",1636,2009,"hiv_related_indirect_percentage",2.43409593315791,2.43409593315791,2.43409593315791
"324",1636,2009,"lifetime_risk",0.0231910823734062,0.0250593458843366,0.0273475544766744
"325",1636,2009,"lifetime_risk_1_in",43,40,37
"326",1636,2010,"mmr",489.674662584875,530.484951318598,579.943016985505
"327",1636,2010,"pm",0.175621813961789,0.190258423701584,0.207996558571811
"328",1636,2010,"maternal_deaths_aggregated_samples",72912.5572588879,78989.2092513392,86353.5152291417
"329",1636,2010,"maternal_deaths_summation_of_country_estimates",77612.6583170813,77612.6583170813,77612.6583170813
"330",1636,2010,"mmr_rate",0.000754515117469888,0.000754515117469888,0.000754515117469888
"331",1636,2010,"pm_mean",0.191292265411728,0.191292265411728,0.191292265411728
"332",1636,2010,"mmr_mean",533.367543629659,533.367543629659,533.367543629659
"333",1636,2010,"births",14890000,14890000,14890000
"334",1636,2010,"hiv_related_indirect_mmr",0.000111502119055595,0.000111502119055595,0.000111502119055595
"335",1636,2010,"hiv_related_indirect_maternal_deaths",1660.2665527378,1660.2665527378,1660.2665527378
"336",1636,2010,"hiv_related_indirect_percentage",2.13916980649586,2.13916980649586,2.13916980649586
"337",1636,2010,"lifetime_risk",0.0220497772144453,0.0239181479848426,0.026180022179245
"338",1636,2010,"lifetime_risk_1_in",45,42,38
"339",1636,2011,"mmr",469.794344629523,512.114018049471,563.431241656352
"340",1636,2011,"pm",0.177664496223404,0.193668740515495,0.213075633731484
"341",1636,2011,"maternal_deaths_aggregated_samples",70938.946039058,77329.2167254701,85078.1174901091
"342",1636,2011,"maternal_deaths_summation_of_country_estimates",75888.4795591681,75888.4795591681,75888.4795591681
"343",1636,2011,"mmr_rate",0.00071879413211483,0.00071879413211483,0.00071879413211483
"344",1636,2011,"pm_mean",0.194802956823461,0.194802956823461,0.194802956823461
"345",1636,2011,"mmr_mean",515.113201445115,515.113201445115,515.113201445115
"346",1636,2011,"births",15100000,15100000,15100000
"347",1636,2011,"hiv_related_indirect_mmr",9.24601906569033e-05,9.24601906569033e-05,9.24601906569033e-05
"348",1636,2011,"hiv_related_indirect_maternal_deaths",1396.14887891924,1396.14887891924,1396.14887891924
"349",1636,2011,"hiv_related_indirect_percentage",1.83973758208016,1.83973758208016,1.83973758208016
"350",1636,2011,"lifetime_risk",0.0210245247098235,0.0229184499346731,0.0252330904942551
"351",1636,2011,"lifetime_risk_1_in",48,44,40
"352",1636,2012,"mmr",445.958188814919,487.021385142422,537.765790264491
"353",1636,2012,"pm",0.17599456454549,0.192199893963724,0.212225850895496
"354",1636,2012,"maternal_deaths_aggregated_samples",68329.7136902218,74621.4166315218,82396.4743843253
"355",1636,2012,"maternal_deaths_summation_of_country_estimates",73110.5848153162,73110.5848153162,73110.5848153162
"356",1636,2012,"mmr_rate",0.000670115674869082,0.000670115674869082,0.000670115674869082
"357",1636,2012,"pm_mean",0.193473436468236,0.193473436468236,0.193473436468236
"358",1636,2012,"mmr_mean",490.24845474061,490.24845474061,490.24845474061
"359",1636,2012,"births",15322000,15322000,15322000
"360",1636,2012,"hiv_related_indirect_mmr",7.90378648877577e-05,7.90378648877577e-05,7.90378648877577e-05
"361",1636,2012,"hiv_related_indirect_maternal_deaths",1211.01816581022,1211.01816581022,1211.01816581022
"362",1636,2012,"hiv_related_indirect_percentage",1.6564197494376,1.6564197494376,1.6564197494376
"363",1636,2012,"lifetime_risk",0.0196753927386578,0.0215052040032753,0.0237779466520384
"364",1636,2012,"lifetime_risk_1_in",51,47,42
"365",1636,2013,"mmr",427.705706628327,469.055285864155,521.023267251377
"366",1636,2013,"pm",0.17637548038094,0.193427045951016,0.214857383539577
"367",1636,2013,"maternal_deaths_aggregated_samples",66332.8780409872,72745.7842846718,80805.498518016
"368",1636,2013,"maternal_deaths_summation_of_country_estimates",70966.740835379,70966.740835379,70966.740835379
"369",1636,2013,"mmr_rate",0.000638866299755593,0.000638866299755593,0.000638866299755593
"370",1636,2013,"pm_mean",0.194886636623844,0.194886636623844,0.194886636623844
"371",1636,2013,"mmr_mean",472.594753247953,472.594753247953,472.594753247953
"372",1636,2013,"births",15509000,15509000,15509000
"373",1636,2013,"hiv_related_indirect_mmr",6.69189769504475e-05,6.69189769504475e-05,6.69189769504475e-05
"374",1636,2013,"hiv_related_indirect_maternal_deaths",1037.84641352449,1037.84641352449,1037.84641352449
"375",1636,2013,"hiv_related_indirect_percentage",1.46244057611716,1.46244057611716,1.46244057611716
"376",1636,2013,"lifetime_risk",0.0188157371938411,0.0206579518080303,0.0229484851809149
"377",1636,2013,"lifetime_risk_1_in",53,48,44
"378",1636,2014,"mmr",404.701010741126,446.756651207341,499.866384691091
"379",1636,2014,"pm",0.17136254493978,0.189170164362735,0.2116584182818
"380",1636,2014,"maternal_deaths_aggregated_samples",63712.0801209754,70332.8995995718,78693.9649419185
"381",1636,2014,"maternal_deaths_summation_of_country_estimates",68349.1693471483,68349.1693471483,68349.1693471483
"382",1636,2014,"mmr_rate",0.000594356299473225,0.000594356299473225,0.000594356299473225
"383",1636,2014,"pm_mean",0.190730375861438,0.190730375861438,0.190730375861438
"384",1636,2014,"mmr_mean",450.441348879853,450.441348879853,450.441348879853
"385",1636,2014,"births",15743000,15743000,15743000
"386",1636,2014,"hiv_related_indirect_mmr",5.87244621610758e-05,5.87244621610758e-05,5.87244621610758e-05
"387",1636,2014,"hiv_related_indirect_maternal_deaths",924.499207801817,924.499207801817,924.499207801817
"388",1636,2014,"hiv_related_indirect_percentage",1.35261220675009,1.35261220675009,1.35261220675009
"389",1636,2014,"lifetime_risk",0.0175401052594952,0.0193481865373366,0.0216699859851437
"390",1636,2014,"lifetime_risk_1_in",57,52,46
"391",1636,2015,"mmr",388.330820158302,431.168065313353,485.225220411154
"392",1636,2015,"pm",0.169552278563337,0.188255796662813,0.211858130919331
"393",1636,2015,"maternal_deaths_aggregated_samples",61849.4497266128,68672.1377624577,77281.8208548845
"394",1636,2015,"maternal_deaths_summation_of_country_estimates",66339.5960780451,66339.5960780451,66339.5960780451
"395",1636,2015,"mmr_rate",0.000567087789901099,0.000567087789901099,0.000567087789901099
"396",1636,2015,"pm_mean",0.189888735381827,0.189888735381827,0.189888735381827
"397",1636,2015,"mmr_mean",434.90803529427,434.90803529427,434.90803529427
"398",1636,2015,"births",15927000,15927000,15927000
"399",1636,2015,"hiv_related_indirect_mmr",5.19238220229907e-05,5.19238220229907e-05,5.19238220229907e-05
"400",1636,2015,"hiv_related_indirect_maternal_deaths",826.990713360173,826.990713360173,826.990713360173
"401",1636,2015,"hiv_related_indirect_percentage",1.24660197265485,1.24660197265485,1.24660197265485
"402",1636,2015,"lifetime_risk",0.0168040449696627,0.0186323448992515,0.0210092605288668
"403",1636,2015,"lifetime_risk_1_in",60,54,48
"404",1636,2016,"mmr",371.65798190915,415.256693286055,470.952301773785
"405",1636,2016,"pm",0.167854238183749,0.187544999152667,0.212699158051301
"406",1636,2016,"maternal_deaths_aggregated_samples",59691.9884744285,66694.3775086732,75639.6491878876
"407",1636,2016,"maternal_deaths_summation_of_country_estimates",64190.1987829882,64190.1987829882,64190.1987829882
"408",1636,2016,"mmr_rate",0.000538528979746402,0.000538528979746402,0.000538528979746402
"409",1636,2016,"pm_mean",0.189366131795906,0.189366131795906,0.189366131795906
"410",1636,2016,"mmr_mean",419.288992322996,419.288992322996,419.288992322996
"411",1636,2016,"births",16061000,16061000,16061000
"412",1636,2016,"hiv_related_indirect_mmr",4.58596986304461e-05,4.58596986304461e-05,4.58596986304461e-05
"413",1636,2016,"hiv_related_indirect_maternal_deaths",736.552619703594,736.552619703594,736.552619703594
"414",1636,2016,"hiv_related_indirect_percentage",1.14745340202747,1.14745340202747,1.14745340202747
"415",1636,2016,"lifetime_risk",0.0159180819122947,0.0178070355780308,0.0201933449570358
"416",1636,2016,"lifetime_risk_1_in",63,56,50
"417",1636,2017,"mmr",355.710954545642,399.132386907271,455.611429598116
"418",1636,2017,"pm",0.161376287647154,0.181075398594671,0.206698388617443
"419",1636,2017,"maternal_deaths_aggregated_samples",57561.1466645758,64587.6028493346,73727.0415375672
"420",1636,2017,"maternal_deaths_summation_of_country_estimates",61855.5864213248,61855.5864213248,61855.5864213248
"421",1636,2017,"mmr_rate",0.000505222630629297,0.000505222630629297,0.000505222630629297
"422",1636,2017,"pm_mean",0.183050024953089,0.183050024953089,0.183050024953089
"423",1636,2017,"mmr_mean",403.484923683676,403.484923683676,403.484923683676
"424",1636,2017,"births",16182000,16182000,16182000
"425",1636,2017,"hiv_related_indirect_mmr",4.16950070891981e-05,4.16950070891981e-05,4.16950070891981e-05
"426",1636,2017,"hiv_related_indirect_maternal_deaths",674.708604717403,674.708604717403,674.708604717403
"427",1636,2017,"hiv_related_indirect_percentage",1.09078038662777,1.09078038662777,1.09078038662777
"428",1636,2017,"lifetime_risk",0.0150017069134625,0.0168439570128811,0.0192269452329925
"429",1636,2017,"lifetime_risk_1_in",67,59,52
"430",1636,2018,"mmr",340.527827048521,383.365546399566,441.880198431748
"431",1636,2018,"pm",0.158595217409793,0.178546178459595,0.205798412267142
"432",1636,2018,"maternal_deaths_aggregated_samples",56050.8803321865,63101.9689373685,72733.4806618657
"433",1636,2018,"maternal_deaths_summation_of_country_estimates",60128.8932022502,60128.8932022502,60128.8932022502
"434",1636,2018,"mmr_rate",0.000481449792796582,0.000481449792796582,0.000481449792796582
"435",1636,2018,"pm_mean",0.18097993604551,0.18097993604551,0.18097993604551
"436",1636,2018,"mmr_mean",388.591190626611,388.591190626611,388.591190626611
"437",1636,2018,"births",16460000,16460000,16460000
"438",1636,2018,"hiv_related_indirect_mmr",3.84718040040996e-05,3.84718040040996e-05,3.84718040040996e-05
"439",1636,2018,"hiv_related_indirect_maternal_deaths",633.245893907479,633.245893907479,633.245893907479
"440",1636,2018,"hiv_related_indirect_percentage",1.05314743076592,1.05314743076592,1.05314743076592
"441",1636,2018,"lifetime_risk",0.0143544175353196,0.0161692212902754,0.0186413791572115
"442",1636,2018,"lifetime_risk_1_in",70,62,54
"443",1636,2019,"mmr",329.392999627394,373.293077525415,433.552466746156
"444",1636,2019,"pm",0.156113252667088,0.176919353466896,0.205478822750163
"445",1636,2019,"maternal_deaths_aggregated_samples",55186.5031575736,62541.522208608,72637.380278651
"446",1636,2019,"maternal_deaths_summation_of_country_estimates",59362.2084826903,59362.2084826903,59362.2084826903
"447",1636,2019,"mmr_rate",0.000463937021391577,0.000463937021391577,0.000463937021391577
"448",1636,2019,"pm_mean",0.179503809628049,0.179503809628049,0.179503809628049
"449",1636,2019,"mmr_mean",378.746181299655,378.746181299655,378.746181299655
"450",1636,2019,"births",16754000,16754000,16754000
"451",1636,2019,"hiv_related_indirect_mmr",3.41012592579112e-05,3.41012592579112e-05,3.41012592579112e-05
"452",1636,2019,"hiv_related_indirect_maternal_deaths",571.332497607044,571.332497607044,571.332497607044
"453",1636,2019,"hiv_related_indirect_percentage",0.962451553286872,0.962451553286872,0.962451553286872
"454",1636,2019,"lifetime_risk",0.0138552002283899,0.0156981618424508,0.0182327588951532
"455",1636,2019,"lifetime_risk_1_in",72,64,55
"456",1636,2020,"mmr",323.259344186015,367.503657205003,430.330435438098
"457",1636,2020,"pm",0.152942899956641,0.173876103161495,0.203601182515653
"458",1636,2020,"maternal_deaths_aggregated_samples",55021.9729739015,62552.7974928635,73246.5434159187
"459",1636,2020,"maternal_deaths_summation_of_country_estimates",59071.8114714014,59071.8114714014,59071.8114714014
"460",1636,2020,"mmr_rate",0.000442337246389368,0.000442337246389368,0.000442337246389368
"461",1636,2020,"pm_mean",0.176806728544596,0.176806728544596,0.176806728544596
"462",1636,2020,"mmr_mean",373.697812276372,373.697812276372,373.697812276372
"463",1636,2020,"births",17021000,17021000,17021000
"464",1636,2020,"hiv_related_indirect_mmr",3.1875842457019e-05,3.1875842457019e-05,3.1875842457019e-05
"465",1636,2020,"hiv_related_indirect_maternal_deaths",542.55871446092,542.55871446092,542.55871446092
"466",1636,2020,"hiv_related_indirect_percentage",0.918473127785476,0.918473127785476,0.918473127785476
"467",1636,2020,"lifetime_risk",0.0132133434904268,0.0150350069275069,0.0176051456645589
"468",1636,2020,"lifetime_risk_1_in",76,67,57
"469",NA,1985,"mmr",358.050223992805,397.471220483502,450.027324971121
"470",NA,1985,"pm",0.163106391358389,0.181064253274092,0.205005689342017
"471",NA,1985,"maternal_deaths_aggregated_samples",446363.311740631,495507.497015758,561026.564675248
"472",NA,1985,"maternal_deaths_summation_of_country_estimates",482224.481461648,482224.481461648,482224.481461648
"473",NA,1985,"mmr_rate",0.000430200377646111,0.000430200377646111,0.000430200377646111
"474",NA,1985,"pm_mean",0.183058777991499,0.183058777991499,0.183058777991499
"475",NA,1985,"mmr_mean",401.849589815809,401.849589815809,401.849589815809
"476",NA,1985,"births",124665000,124665000,124665000
"477",NA,1985,"hiv_related_indirect_mmr",7.55424381942756e-07,7.55424381942756e-07,7.55424381942756e-07
"478",NA,1985,"hiv_related_indirect_maternal_deaths",94.1749805748937,94.1749805748937,94.1749805748937
"479",NA,1985,"hiv_related_indirect_percentage",0.0195292823561019,0.0195292823561019,0.0195292823561019
"480",NA,1985,"lifetime_risk",0.0118480873515702,0.013116557864372,0.0148494183387901
"481",NA,1985,"lifetime_risk_1_in",84,76,67
"482",NA,1986,"mmr",343.385156048914,379.265565658833,426.228847386266
"483",NA,1986,"pm",0.160475662498716,0.17724380870844,0.199191361232376
"484",NA,1986,"maternal_deaths_aggregated_samples",437654.682939022,483385.341399153,543241.452859218
"485",NA,1986,"maternal_deaths_summation_of_country_estimates",471535.191973348,471535.191973348,471535.191973348
"486",NA,1986,"mmr_rate",0.000406021170398418,0.000406021170398418,0.000406021170398418
"487",NA,1986,"pm_mean",0.178970277479844,0.178970277479844,0.178970277479844
"488",NA,1986,"mmr_mean",382.959856364671,382.959856364671,382.959856364671
"489",NA,1986,"births",127453000,127453000,127453000
"490",NA,1986,"hiv_related_indirect_mmr",1.06297054269847e-06,1.06297054269847e-06,1.06297054269847e-06
"491",NA,1986,"hiv_related_indirect_maternal_deaths",135.478784578548,135.478784578548,135.478784578548
"492",NA,1986,"hiv_related_indirect_percentage",0.0287314259645346,0.0287314259645346,0.0287314259645346
"493",NA,1986,"lifetime_risk",0.011237012185473,0.0123781732960141,0.0139115099222566
"494",NA,1986,"lifetime_risk_1_in",89,81,72
"495",NA,1987,"mmr",330.422072868707,362.810323973157,403.394482685375
"496",NA,1987,"pm",0.155813987430114,0.171087006289472,0.190224891178778
"497",NA,1987,"maternal_deaths_aggregated_samples",427490.165215348,469393.112846751,521899.679863858
"498",NA,1987,"maternal_deaths_summation_of_country_estimates",459206.066737595,459206.066737595,459206.066737595
"499",NA,1987,"mmr_rate",0.000383411034759816,0.000383411034759816,0.000383411034759816
"500",NA,1987,"pm_mean",0.172375294966121,0.172375294966121,0.172375294966121
"501",NA,1987,"mmr_mean",365.542293175746,365.542293175746,365.542293175746
"502",NA,1987,"births",129377000,129377000,129377000
"503",NA,1987,"hiv_related_indirect_mmr",1.4949738799245e-06,1.4949738799245e-06,1.4949738799245e-06
"504",NA,1987,"hiv_related_indirect_maternal_deaths",193.415235662992,193.415235662992,193.415235662992
"505",NA,1987,"hiv_related_indirect_percentage",0.042119486146405,0.042119486146405,0.042119486146405
"506",NA,1987,"lifetime_risk",0.010658907772209,0.0116631977007186,0.0129743104232448
"507",NA,1987,"lifetime_risk_1_in",94,86,77
"508",NA,1988,"mmr",329.310590487926,359.435691265579,397.901658392687
"509",NA,1988,"pm",0.153394340929946,0.167426747152867,0.185344366100235
"510",NA,1988,"maternal_deaths_aggregated_samples",423611.971180049,462363.695816391,511844.777290017
"511",NA,1988,"maternal_deaths_summation_of_country_estimates",453809.789817951,453809.789817951,453809.789817951
"512",NA,1988,"mmr_rate",0.000377414225350871,0.000377414225350871,0.000377414225350871
"513",NA,1988,"pm_mean",0.168721818061016,0.168721818061016,0.168721818061016
"514",NA,1988,"mmr_mean",362.215980048731,362.215980048731,362.215980048731
"515",NA,1988,"births",128636000,128636000,128636000
"516",NA,1988,"hiv_related_indirect_mmr",2.07508585464546e-06,2.07508585464546e-06,2.07508585464546e-06
"517",NA,1988,"hiv_related_indirect_maternal_deaths",266.930743998173,266.930743998173,266.930743998173
"518",NA,1988,"hiv_related_indirect_percentage",0.0588199615758078,0.0588199615758078,0.0588199615758078
"519",NA,1988,"lifetime_risk",0.010500849220675,0.0114353348843247,0.0126565938793814
"520",NA,1988,"lifetime_risk_1_in",95,87,79
"521",NA,1989,"mmr",319.298741794777,348.054901918989,383.464141201549
"522",NA,1989,"pm",0.149862415247471,0.163359078545403,0.179978355186245
"523",NA,1989,"maternal_deaths_aggregated_samples",413989.976661436,451274.063632084,497184.266916281
"524",NA,1989,"maternal_deaths_summation_of_country_estimates",443742.855001756,443742.855001756,443742.855001756
"525",NA,1989,"mmr_rate",0.000364486630591722,0.000364486630591722,0.000364486630591722
"526",NA,1989,"pm_mean",0.164399949659706,0.164399949659706,0.164399949659706
"527",NA,1989,"mmr_mean",350.272594971771,350.272594971771,350.272594971771
"528",NA,1989,"births",129656000,129656000,129656000
"529",NA,1989,"hiv_related_indirect_mmr",2.86340668188546e-06,2.86340668188546e-06,2.86340668188546e-06
"530",NA,1989,"hiv_related_indirect_maternal_deaths",371.257856746541,371.257856746541,371.257856746541
"531",NA,1989,"hiv_related_indirect_percentage",0.0836650894908656,0.0836650894908656,0.0836650894908656
"532",NA,1989,"lifetime_risk",0.0102118112242721,0.0110984802540166,0.0122260398374766
"533",NA,1989,"lifetime_risk_1_in",98,90,82
"534",NA,1990,"mmr",305.3640200239,331.54802980658,363.160936717569
"535",NA,1990,"pm",0.14332243277361,0.155611883186032,0.170449383442853
"536",NA,1990,"maternal_deaths_aggregated_samples",399135.203292839,433359.798799585,474680.3971648
"537",NA,1990,"maternal_deaths_summation_of_country_estimates",426420.964288717,426420.964288717,426420.964288717
"538",NA,1990,"mmr_rate",0.000339016915009614,0.000339016915009614,0.000339016915009614
"539",NA,1990,"pm_mean",0.156461233134165,0.156461233134165,0.156461233134165
"540",NA,1990,"mmr_mean",333.357662182683,333.357662182683,333.357662182683
"541",NA,1990,"births",130708000,130708000,130708000
"542",NA,1990,"hiv_related_indirect_mmr",3.80585946726485e-06,3.80585946726485e-06,3.80585946726485e-06
"543",NA,1990,"hiv_related_indirect_maternal_deaths",497.456279247254,497.456279247254,497.456279247254
"544",NA,1990,"hiv_related_indirect_percentage",0.116658494986762,0.116658494986762,0.116658494986762
"545",NA,1990,"lifetime_risk",0.00955240073739152,0.0103383273631306,0.0113115884995821
"546",NA,1990,"lifetime_risk_1_in",105,97,88
"547",NA,1991,"mmr",313.165634069762,339.722081052139,371.224996706835
"548",NA,1991,"pm",0.138991230641027,0.150777687537863,0.164759518681734
"549",NA,1991,"maternal_deaths_aggregated_samples",393016.60744487,426344.417278813,465879.946367143
"550",NA,1991,"maternal_deaths_summation_of_country_estimates",418887.178143769,418887.178143769,418887.178143769
"551",NA,1991,"mmr_rate",0.000324262899497543,0.000324262899497543,0.000324262899497543
"552",NA,1991,"pm_mean",0.151509478953541,0.151509478953541,0.151509478953541
"553",NA,1991,"mmr_mean",341.370903942912,341.370903942912,341.370903942912
"554",NA,1991,"births",125498000,125498000,125498000
"555",NA,1991,"hiv_related_indirect_mmr",5.25615159040902e-06,5.25615159040902e-06,5.25615159040902e-06
"556",NA,1991,"hiv_related_indirect_maternal_deaths",659.636512293152,659.636512293152,659.636512293152
"557",NA,1991,"hiv_related_indirect_percentage",0.157473550567058,0.157473550567058,0.157473550567058
"558",NA,1991,"lifetime_risk",0.00909526849989341,0.00983032618558421,0.0107361588315447
"559",NA,1991,"lifetime_risk_1_in",110,102,93
"560",NA,1992,"mmr",316.251458656255,341.548774964011,371.908574666467
"561",NA,1992,"pm",0.137635546718782,0.148645171703059,0.161858036073946
"562",NA,1992,"maternal_deaths_aggregated_samples",391089.203832671,422372.877071495,459917.019775539
"563",NA,1992,"maternal_deaths_summation_of_country_estimates",415698.831518324,415698.831518324,415698.831518324
"564",NA,1992,"mmr_rate",0.00032445388623486,0.00032445388623486,0.00032445388623486
"565",NA,1992,"pm_mean",0.149379584831929,0.149379584831929,0.149379584831929
"566",NA,1992,"mmr_mean",343.236269428911,343.236269428911,343.236269428911
"567",NA,1992,"births",123664000,123664000,123664000
"568",NA,1992,"hiv_related_indirect_mmr",6.97975437572886e-06,6.97975437572886e-06,6.97975437572886e-06
"569",NA,1992,"hiv_related_indirect_maternal_deaths",863.144345120134,863.144345120134,863.144345120134
"570",NA,1992,"hiv_related_indirect_percentage",0.207636942824095,0.207636942824095,0.207636942824095
"571",NA,1992,"lifetime_risk",0.00913599162108678,0.00984108563697743,0.0107055999618482
"572",NA,1992,"lifetime_risk_1_in",109,102,93
"573",NA,1993,"mmr",315.067684232048,340.177768424032,369.70449132468
"574",NA,1993,"pm",0.133916994647805,0.144589834734659,0.157139931715538
"575",NA,1993,"maternal_deaths_aggregated_samples",385526.27045686,416251.722776698,452381.506719618
"576",NA,1993,"maternal_deaths_summation_of_country_estimates",409995.225439976,409995.225439976,409995.225439976
"577",NA,1993,"mmr_rate",0.000309718195376219,0.000309718195376219,0.000309718195376219
"578",NA,1993,"pm_mean",0.145215587032667,0.145215587032667,0.145215587032667
"579",NA,1993,"mmr_mean",341.64998132692,341.64998132692,341.64998132692
"580",NA,1993,"births",122363000,122363000,122363000
"581",NA,1993,"hiv_related_indirect_mmr",8.84608823782321e-06,8.84608823782321e-06,8.84608823782321e-06
"582",NA,1993,"hiv_related_indirect_maternal_deaths",1082.43389504476,1082.43389504476,1082.43389504476
"583",NA,1993,"hiv_related_indirect_percentage",0.264011341567008,0.264011341567008,0.264011341567008
"584",NA,1993,"lifetime_risk",0.0087299732788538,0.00940662980410926,0.0102142271030605
"585",NA,1993,"lifetime_risk_1_in",115,106,98
"586",NA,1994,"mmr",309.151460794583,333.528362273654,361.634611830189
"587",NA,1994,"pm",0.128207503564381,0.138316793280282,0.149972672508344
"588",NA,1994,"maternal_deaths_aggregated_samples",376379.537458974,406057.439933682,440275.674518782
"589",NA,1994,"maternal_deaths_summation_of_country_estimates",399744.79684358,399744.79684358,399744.79684358
"590",NA,1994,"mmr_rate",0.00029708402502332,0.00029708402502332,0.00029708402502332
"591",NA,1994,"pm_mean",0.138832323117669,0.138832323117669,0.138832323117669
"592",NA,1994,"mmr_mean",334.771478299475,334.771478299475,334.771478299475
"593",NA,1994,"births",121746000,121746000,121746000
"594",NA,1994,"hiv_related_indirect_mmr",1.10404212368015e-05,1.10404212368015e-05,1.10404212368015e-05
"595",NA,1994,"hiv_related_indirect_maternal_deaths",1344.12712389563,1344.12712389563,1344.12712389563
"596",NA,1994,"hiv_related_indirect_percentage",0.336246308772241,0.336246308772241,0.336246308772241
"597",NA,1994,"lifetime_risk",0.00840301983531419,0.00903417225411837,0.00978454742941553
"598",NA,1994,"lifetime_risk_1_in",119,111,102
"599",NA,1995,"mmr",309.130652702661,332.460349212127,359.871295531735
"600",NA,1995,"pm",0.125332493746628,0.134791177368973,0.145904543928244
"601",NA,1995,"maternal_deaths_aggregated_samples",374456.142231787,402715.870207634,435919.297703501
"602",NA,1995,"maternal_deaths_summation_of_country_estimates",396833.235478181,396833.235478181,396833.235478181
"603",NA,1995,"mmr_rate",0.000294412841713869,0.000294412841713869,0.000294412841713869
"604",NA,1995,"pm_mean",0.135342738347948,0.135342738347948,0.135342738347948
"605",NA,1995,"mmr_mean",333.820765815508,333.820765815508,333.820765815508
"606",NA,1995,"births",121132000,121132000,121132000
"607",NA,1995,"hiv_related_indirect_mmr",1.36582041665275e-05,1.36582041665275e-05,1.36582041665275e-05
"608",NA,1995,"hiv_related_indirect_maternal_deaths",1654.44558709981,1654.44558709981,1654.44558709981
"609",NA,1995,"hiv_related_indirect_percentage",0.416912052516522,0.416912052516522,0.416912052516522
"610",NA,1995,"lifetime_risk",0.00834892846493788,0.00896397999006136,0.0096875386533492
"611",NA,1995,"lifetime_risk_1_in",120,112,103
"612",NA,1996,"mmr",308.741024776905,332.54981033806,360.07495080181
"613",NA,1996,"pm",0.122057488506733,0.131470039275099,0.142351811524925
"614",NA,1996,"maternal_deaths_aggregated_samples",371687.144908421,400350.065669784,433487.031771283
"615",NA,1996,"maternal_deaths_summation_of_country_estimates",394269.246380439,394269.246380439,394269.246380439
"616",NA,1996,"mmr_rate",0.000280103814047701,0.000280103814047701,0.000280103814047701
"617",NA,1996,"pm_mean",0.131959779768919,0.131959779768919,0.131959779768919
"618",NA,1996,"mmr_mean",333.788595305592,333.788595305592,333.788595305592
"619",NA,1996,"births",120388000,120388000,120388000
"620",NA,1996,"hiv_related_indirect_mmr",1.67087766746129e-05,1.67087766746129e-05,1.67087766746129e-05
"621",NA,1996,"hiv_related_indirect_maternal_deaths",2011.53620630329,2011.53620630329,2011.53620630329
"622",NA,1996,"hiv_related_indirect_percentage",0.510193535197092,0.510193535197092,0.510193535197092
"623",NA,1996,"lifetime_risk",0.00793105474235531,0.00851732192281338,0.00920814594846473
"624",NA,1996,"lifetime_risk_1_in",126,117,109
"625",NA,1997,"mmr",302.702159839702,325.871412011076,352.123122984803
"626",NA,1997,"pm",0.11889314510749,0.127993394877435,0.138304350318824
"627",NA,1997,"maternal_deaths_aggregated_samples",362609.944293578,390364.623162188,421811.810254725
"628",NA,1997,"maternal_deaths_summation_of_country_estimates",385039.541894662,385039.541894662,385039.541894662
"629",NA,1997,"mmr_rate",0.000271178994125045,0.000271178994125045,0.000271178994125045
"630",NA,1997,"pm_mean",0.128396963434583,0.128396963434583,0.128396963434583
"631",NA,1997,"mmr_mean",326.898898278527,326.898898278527,326.898898278527
"632",NA,1997,"births",119791000,119791000,119791000
"633",NA,1997,"hiv_related_indirect_mmr",1.94982911438792e-05,1.94982911438792e-05,1.94982911438792e-05
"634",NA,1997,"hiv_related_indirect_maternal_deaths",2335.71979441644,2335.71979441644,2335.71979441644
"635",NA,1997,"hiv_related_indirect_percentage",0.606618162623784,0.606618162623784,0.606618162623784
"636",NA,1997,"lifetime_risk",0.00768143137967699,0.00824061288071387,0.00889946554774245
"637",NA,1997,"lifetime_risk_1_in",130,121,112
"638",NA,1998,"mmr",293.658802084685,316.048873737935,341.091267249636
"639",NA,1998,"pm",0.114307347898931,0.123022733549833,0.132770541437909
"640",NA,1998,"maternal_deaths_aggregated_samples",350625.673101094,377359.194754357,407259.562183393
"641",NA,1998,"maternal_deaths_summation_of_country_estimates",372317.398554168,372317.398554168,372317.398554168
"642",NA,1998,"mmr_rate",0.00025748233576777,0.00025748233576777,0.00025748233576777
"643",NA,1998,"pm_mean",0.123366874295558,0.123366874295558,0.123366874295558
"644",NA,1998,"mmr_mean",316.932981024086,316.932981024086,316.932981024086
"645",NA,1998,"births",119399000,119399000,119399000
"646",NA,1998,"hiv_related_indirect_mmr",2.23437318613613e-05,2.23437318613613e-05,2.23437318613613e-05
"647",NA,1998,"hiv_related_indirect_maternal_deaths",2667.81924051467,2667.81924051467,2667.81924051467
"648",NA,1998,"hiv_related_indirect_percentage",0.716544338479668,0.716544338479668,0.716544338479668
"649",NA,1998,"lifetime_risk",0.00728815112982689,0.00780653460302951,0.00841650108980576
"650",NA,1998,"lifetime_risk_1_in",137,128,119
"651",NA,1999,"mmr",284.251079876363,305.81687456628,329.227677001764
"652",NA,1999,"pm",0.109803528830143,0.118134193255443,0.127177566885825
"653",NA,1999,"maternal_deaths_aggregated_samples",339193.971105665,364928.218251196,392864.094689435
"654",NA,1999,"maternal_deaths_summation_of_country_estimates",359995.139044305,359995.139044305,359995.139044305
"655",NA,1999,"mmr_rate",0.000247373323114013,0.000247373323114013,0.000247373323114013
"656",NA,1999,"pm_mean",0.11837176299047,0.11837176299047,0.11837176299047
"657",NA,1999,"mmr_mean",306.431877148136,306.431877148136,306.431877148136
"658",NA,1999,"births",119329000,119329000,119329000
"659",NA,1999,"hiv_related_indirect_mmr",2.51890124473784e-05,2.51890124473784e-05,2.51890124473784e-05
"660",NA,1999,"hiv_related_indirect_maternal_deaths",3005.77966633322,3005.77966633322,3005.77966633322
"661",NA,1999,"hiv_related_indirect_percentage",0.834950070246168,0.834950070246168,0.834950070246168
"662",NA,1999,"lifetime_risk",0.00702852436922903,0.0075335196458759,0.00810236900887314
"663",NA,1999,"lifetime_risk_1_in",142,133,123
"664",NA,2000,"mmr",277.014369017167,297.361584480051,320.337824510199
"665",NA,2000,"pm",0.107437636302717,0.115329128510975,0.124240265246304
"666",NA,2000,"maternal_deaths_aggregated_samples",334727.542658204,359313.896990625,387077.006868654
"667",NA,2000,"maternal_deaths_summation_of_country_estimates",354650.890401148,354650.890401148,354650.890401148
"668",NA,2000,"mmr_rate",0.000239046212808511,0.000239046212808511,0.000239046212808511
"669",NA,2000,"pm_mean",0.115669010019999,0.115669010019999,0.115669010019999
"670",NA,2000,"mmr_mean",298.237926002472,298.237926002472,298.237926002472
"671",NA,2000,"births",120834000,120834000,120834000
"672",NA,2000,"hiv_related_indirect_mmr",2.82142735716958e-05,2.82142735716958e-05,2.82142735716958e-05
"673",NA,2000,"hiv_related_indirect_maternal_deaths",3409.24353276229,3409.24353276229,3409.24353276229
"674",NA,2000,"hiv_related_indirect_percentage",0.961295636084846,0.961295636084846,0.961295636084846
"675",NA,2000,"lifetime_risk",0.00682184869095609,0.00729397639474387,0.00784035251074144
"676",NA,2000,"lifetime_risk_1_in",147,137,128
"677",NA,2001,"mmr",273.246077834025,293.02666987202,315.348213012205
"678",NA,2001,"pm",0.106067868558609,0.113746241302067,0.122410953061467
"679",NA,2001,"maternal_deaths_aggregated_samples",329504.712799272,353357.930931971,380275.256589288
"680",NA,2001,"maternal_deaths_summation_of_country_estimates",348383.802840057,348383.802840057,348383.802840057
"681",NA,2001,"mmr_rate",0.000235811384627992,0.000235811384627992,0.000235811384627992
"682",NA,2001,"pm_mean",0.114075020974048,0.114075020974048,0.114075020974048
"683",NA,2001,"mmr_mean",293.87365357275,293.87365357275,293.87365357275
"684",NA,2001,"births",120589000,120589000,120589000
"685",NA,2001,"hiv_related_indirect_mmr",3.06397239877787e-05,3.06397239877787e-05,3.06397239877787e-05
"686",NA,2001,"hiv_related_indirect_maternal_deaths",3694.81367596225,3694.81367596225,3694.81367596225
"687",NA,2001,"hiv_related_indirect_percentage",1.06055839733127,1.06055839733127,1.06055839733127
"688",NA,2001,"lifetime_risk",0.00675242439837437,0.00721863420848005,0.00776074579714248
"689",NA,2001,"lifetime_risk_1_in",148,139,129
"690",NA,2002,"mmr",262.211113898128,280.864792654175,301.858287337147
"691",NA,2002,"pm",0.101000160325207,0.108185304070668,0.116271713137182
"692",NA,2002,"maternal_deaths_aggregated_samples",316192.515916336,338686.42751789,364001.852951246
"693",NA,2002,"maternal_deaths_summation_of_country_estimates",334065.89080722,334065.89080722,334065.89080722
"694",NA,2002,"mmr_rate",0.000222489006059654,0.000222489006059654,0.000222489006059654
"695",NA,2002,"pm_mean",0.108485725844352,0.108485725844352,0.108485725844352
"696",NA,2002,"mmr_mean",281.644731296483,281.644731296483,281.644731296483
"697",NA,2002,"births",120587000,120587000,120587000
"698",NA,2002,"hiv_related_indirect_mmr",3.28536049641752e-05,3.28536049641752e-05,3.28536049641752e-05
"699",NA,2002,"hiv_related_indirect_maternal_deaths",3961.717661815,3961.717661815,3961.717661815
"700",NA,2002,"hiv_related_indirect_percentage",1.18590905891113,1.18590905891113,1.18590905891113
"701",NA,2002,"lifetime_risk",0.00638395532657949,0.0068223572182509,0.00731596730822493
"702",NA,2002,"lifetime_risk_1_in",157,147,137
"703",NA,2003,"mmr",254.117563205156,271.792166636871,292.162818495981
"704",NA,2003,"pm",0.0980955156826873,0.104918339403539,0.112781902919999
"705",NA,2003,"maternal_deaths_aggregated_samples",306569.969426332,327892.787752388,352468.145861736
"706",NA,2003,"maternal_deaths_summation_of_country_estimates",323410.34634949,323410.34634949,323410.34634949
"707",NA,2003,"mmr_rate",0.000201780424533188,0.000201780424533188,0.000201780424533188
"708",NA,2003,"pm_mean",0.105265252668742,0.105265252668742,0.105265252668742
"709",NA,2003,"mmr_mean",272.690849446003,272.690849446003,272.690849446003
"710",NA,2003,"births",120641000,120641000,120641000
"711",NA,2003,"hiv_related_indirect_mmr",3.49639726374603e-05,3.49639726374603e-05,3.49639726374603e-05
"712",NA,2003,"hiv_related_indirect_maternal_deaths",4218.08862295585,4218.08862295585,4218.08862295585
"713",NA,2003,"hiv_related_indirect_percentage",1.30425283871333,1.30425283871333,1.30425283871333
"714",NA,2003,"lifetime_risk",0.00579583969592665,0.00618553603836955,0.00663834886837651
"715",NA,2003,"lifetime_risk_1_in",173,162,151
"716",NA,2004,"mmr",249.201344471453,266.515540950906,286.302577302554
"717",NA,2004,"pm",0.0966867320799986,0.103404404810617,0.111081505776692
"718",NA,2004,"maternal_deaths_aggregated_samples",302306.15097832,323310.002727544,347313.656525728
"719",NA,2004,"maternal_deaths_summation_of_country_estimates",318371.162073113,318371.162073113,318371.162073113
"720",NA,2004,"mmr_rate",0.000207484606699151,0.000207484606699151,0.000207484606699151
"721",NA,2004,"pm_mean",0.103724214222436,0.103724214222436,0.103724214222436
"722",NA,2004,"mmr_mean",267.339820908304,267.339820908304,267.339820908304
"723",NA,2004,"births",121310000,121310000,121310000
"724",NA,2004,"hiv_related_indirect_mmr",3.70565591005308e-05,3.70565591005308e-05,3.70565591005308e-05
"725",NA,2004,"hiv_related_indirect_maternal_deaths",4495.33118448539,4495.33118448539,4495.33118448539
"726",NA,2004,"hiv_related_indirect_percentage",1.41197813118924,1.41197813118924,1.41197813118924
"727",NA,2004,"lifetime_risk",0.00598368423552638,0.00638345248143478,0.00683136904327115
"728",NA,2004,"lifetime_risk_1_in",167,157,146
"729",NA,2005,"mmr",241.361831827393,258.116958057126,276.877289221023
"730",NA,2005,"pm",0.0947587121509052,0.101336778663886,0.108702089107364
"731",NA,2005,"maternal_deaths_aggregated_samples",293679.422494299,314066.389885589,336893.210432572
"732",NA,2005,"maternal_deaths_summation_of_country_estimates",309104.059402517,309104.059402517,309104.059402517
"733",NA,2005,"mmr_rate",0.000200253934202763,0.000200253934202763,0.000200253934202763
"734",NA,2005,"pm_mean",0.101599193307385,0.101599193307385,0.101599193307385
"735",NA,2005,"mmr_mean",258.785359701847,258.785359701847,258.785359701847
"736",NA,2005,"births",121676000,121676000,121676000
"737",NA,2005,"hiv_related_indirect_mmr",3.74077087873422e-05,3.74077087873422e-05,3.74077087873422e-05
"738",NA,2005,"hiv_related_indirect_maternal_deaths",4551.62037440865,4551.62037440865,4551.62037440865
"739",NA,2005,"hiv_related_indirect_percentage",1.47252041374245,1.47252041374245,1.47252041374245
"740",NA,2005,"lifetime_risk",0.00578818792614195,0.00617304866091759,0.00660821331259414
"741",NA,2005,"lifetime_risk_1_in",173,162,151
"742",NA,2006,"mmr",228.752129417995,243.762734052779,260.272182132569
"743",NA,2006,"pm",0.0913942250470015,0.097391470106855,0.103987553898709
"744",NA,2006,"maternal_deaths_aggregated_samples",280305.996824929,298699.541426254,318929.723819786
"745",NA,2006,"maternal_deaths_summation_of_country_estimates",294239.147418401,294239.147418401,294239.147418401
"746",NA,2006,"mmr_rate",0.000185038778907136,0.000185038778907136,0.000185038778907136
"747",NA,2006,"pm_mean",0.0975910830175218,0.0975910830175218,0.0975910830175218
"748",NA,2006,"mmr_mean",244.262348534448,244.262348534448,244.262348534448
"749",NA,2006,"births",122537000,122537000,122537000
"750",NA,2006,"hiv_related_indirect_mmr",3.65009481060644e-05,3.65009481060644e-05,3.65009481060644e-05
"751",NA,2006,"hiv_related_indirect_maternal_deaths",4472.71667807282,4472.71667807282,4472.71667807282
"752",NA,2006,"hiv_related_indirect_percentage",1.52009571714559,1.52009571714559,1.52009571714559
"753",NA,2006,"lifetime_risk",0.00537159174795225,0.00570678418525366,0.00607847926153453
"754",NA,2006,"lifetime_risk_1_in",186,175,165
"755",NA,2007,"mmr",224.627194247548,239.181234824456,254.927523400514
"756",NA,2007,"pm",0.0914294386198025,0.0973533329374695,0.103762504942119
"757",NA,2007,"maternal_deaths_aggregated_samples",278326.571304367,296359.900821591,315870.497144641
"758",NA,2007,"maternal_deaths_summation_of_country_estimates",291793.550204563,291793.550204563,291793.550204563
"759",NA,2007,"mmr_rate",0.000181514981386993,0.000181514981386993,0.000181514981386993
"760",NA,2007,"pm_mean",0.0975150921664637,0.0975150921664637,0.0975150921664637
"761",NA,2007,"mmr_mean",239.578650824173,239.578650824173,239.578650824173
"762",NA,2007,"births",123906000,123906000,123906000
"763",NA,2007,"hiv_related_indirect_mmr",3.32270483566392e-05,3.32270483566392e-05,3.32270483566392e-05
"764",NA,2007,"hiv_related_indirect_maternal_deaths",4117.03065367774,4117.03065367774,4117.03065367774
"765",NA,2007,"hiv_related_indirect_percentage",1.41093956696146,1.41093956696146,1.41093956696146
"766",NA,2007,"lifetime_risk",0.00527622067423262,0.0056028696931437,0.00596066750105528
"767",NA,2007,"lifetime_risk_1_in",190,178,168
"768",NA,2008,"mmr",221.315278668593,235.575941054648,251.195574127927
"769",NA,2008,"pm",0.0909099978061433,0.0967678707647102,0.10318397008224
"770",NA,2008,"maternal_deaths_aggregated_samples",277429.767575014,295306.220909054,314886.211948063
"771",NA,2008,"maternal_deaths_summation_of_country_estimates",290817.957771292,290817.957771292,290817.957771292
"772",NA,2008,"mmr_rate",0.000178666813772926,0.000178666813772926,0.000178666813772926
"773",NA,2008,"pm_mean",0.096953946217698,0.096953946217698,0.096953946217698
"774",NA,2008,"mmr_mean",236.028931283722,236.028931283722,236.028931283722
"775",NA,2008,"births",125355000,125355000,125355000
"776",NA,2008,"hiv_related_indirect_mmr",3.05732209803887e-05,3.05732209803887e-05,3.05732209803887e-05
"777",NA,2008,"hiv_related_indirect_maternal_deaths",3832.50611599663,3832.50611599663,3832.50611599663
"778",NA,2008,"hiv_related_indirect_percentage",1.3178368163257,1.3178368163257,1.3178368163257
"779",NA,2008,"lifetime_risk",0.00519921477042754,0.00551479947528359,0.00585845701510864
"780",NA,2008,"lifetime_risk_1_in",192,181,171
"781",NA,2009,"mmr",214.548670685228,228.846627306232,244.513685103749
"782",NA,2009,"pm",0.0904227894307883,0.0964487466958807,0.103051719642301
"783",NA,2009,"maternal_deaths_aggregated_samples",270670.311963069,288708.328076996,308473.574853188
"784",NA,2009,"maternal_deaths_summation_of_country_estimates",284210.712986491,284210.712986491,284210.712986491
"785",NA,2009,"mmr_rate",0.000173783911106917,0.000173783911106917,0.000173783911106917
"786",NA,2009,"pm_mean",0.0966410852563232,0.0966410852563232,0.0966410852563232
"787",NA,2009,"mmr_mean",229.302994365069,229.302994365069,229.302994365069
"788",NA,2009,"births",126158000,126158000,126158000
"789",NA,2009,"hiv_related_indirect_mmr",2.75796319139607e-05,2.75796319139607e-05,2.75796319139607e-05
"790",NA,2009,"hiv_related_indirect_maternal_deaths",3479.39120300146,3479.39120300146,3479.39120300146
"791",NA,2009,"hiv_related_indirect_percentage",1.22422943401393,1.22422943401393,1.22422943401393
"792",NA,2009,"lifetime_risk",0.00506125248941034,0.00537425637368505,0.00571560879792289
"793",NA,2009,"lifetime_risk_1_in",198,186,175
"794",NA,2010,"mmr",206.600353454688,220.949630246375,236.65486275539
"795",NA,2010,"pm",0.0883248352145298,0.0944593721931968,0.101173601138932
"796",NA,2010,"maternal_deaths_aggregated_samples",261087.064671292,279220.676231251,299067.849709869
"797",NA,2010,"maternal_deaths_summation_of_country_estimates",274476.980838295,274476.980838295,274476.980838295
"798",NA,2010,"mmr_rate",0.000162103559687355,0.000162103559687355,0.000162103559687355
"799",NA,2010,"pm_mean",0.0946526028488863,0.0946526028488863,0.0946526028488863
"800",NA,2010,"mmr_mean",221.401615485484,221.401615485484,221.401615485484
"801",NA,2010,"births",126373000,126373000,126373000
"802",NA,2010,"hiv_related_indirect_mmr",2.52705371164572e-05,2.52705371164572e-05,2.52705371164572e-05
"803",NA,2010,"hiv_related_indirect_maternal_deaths",3193.51358701804,3193.51358701804,3193.51358701804
"804",NA,2010,"hiv_related_indirect_percentage",1.16349049645787,1.16349049645787,1.16349049645787
"805",NA,2010,"lifetime_risk",0.00470214290054049,0.00500836008728343,0.0053408500928978
"806",NA,2010,"lifetime_risk_1_in",213,200,187
"807",NA,2011,"mmr",200.813952987674,214.742759365337,230.446382317449
"808",NA,2011,"pm",0.0873824710778878,0.0934434718317565,0.10027676881145
"809",NA,2011,"maternal_deaths_aggregated_samples",254324.8470403,271965.262453419,291853.42981358
"810",NA,2011,"maternal_deaths_summation_of_country_estimates",267070.086064874,267070.086064874,267070.086064874
"811",NA,2011,"mmr_rate",0.000158445670051651,0.000158445670051651,0.000158445670051651
"812",NA,2011,"pm_mean",0.0937009039070314,0.0937009039070314,0.0937009039070314
"813",NA,2011,"mmr_mean",215.334364890154,215.334364890154,215.334364890154
"814",NA,2011,"births",126647000,126647000,126647000
"815",NA,2011,"hiv_related_indirect_mmr",2.33761291786645e-05,2.33761291786645e-05,2.33761291786645e-05
"816",NA,2011,"hiv_related_indirect_maternal_deaths",2960.51663209032,2960.51663209032,2960.51663209032
"817",NA,2011,"hiv_related_indirect_percentage",1.10851674768666,1.10851674768666,1.10851674768666
"818",NA,2011,"lifetime_risk",0.0046271476102301,0.00492350120777256,0.00525684568181873
"819",NA,2011,"lifetime_risk_1_in",216,203,190
"820",NA,2012,"mmr",192.707750876217,206.562722470611,222.84424468926
"821",NA,2012,"pm",0.0863237303483084,0.0925300859643116,0.0998234186261897
"822",NA,2012,"maternal_deaths_aggregated_samples",247558.158008115,265356.670167421,286272.402055163
"823",NA,2012,"maternal_deaths_summation_of_country_estimates",260246.448748598,260246.448748598,260246.448748598
"824",NA,2012,"mmr_rate",0.000149448375913135,0.000149448375913135,0.000149448375913135
"825",NA,2012,"pm_mean",0.0928924116462699,0.0928924116462699,0.0928924116462699
"826",NA,2012,"mmr_mean",207.371572678696,207.371572678696,207.371572678696
"827",NA,2012,"births",128463000,128463000,128463000
"828",NA,2012,"hiv_related_indirect_mmr",2.16259138687357e-05,2.16259138687357e-05,2.16259138687357e-05
"829",NA,2012,"hiv_related_indirect_maternal_deaths",2778.12977331939,2778.12977331939,2778.12977331939
"830",NA,2012,"hiv_related_indirect_percentage",1.06749958997639,1.06749958997639,1.06749958997639
"831",NA,2012,"lifetime_risk",0.00435097105534041,0.00464258701723511,0.00497973501838266
"832",NA,2012,"lifetime_risk_1_in",230,215,201
"833",NA,2013,"mmr",191.233798875483,205.868878156872,223.440243255524
"834",NA,2013,"pm",0.0868124215540368,0.0934561564979835,0.101432846618632
"835",NA,2013,"maternal_deaths_aggregated_samples",243830.742918196,262491.054405138,284895.247760524
"836",NA,2013,"maternal_deaths_summation_of_country_estimates",257205.292646421,257205.292646421,257205.292646421
"837",NA,2013,"mmr_rate",0.000149532639465734,0.000149532639465734,0.000149532639465734
"838",NA,2013,"pm_mean",0.0939004748902173,0.0939004748902173,0.0939004748902173
"839",NA,2013,"mmr_mean",206.84764009596,206.84764009596,206.84764009596
"840",NA,2013,"births",127504000,127504000,127504000
"841",NA,2013,"hiv_related_indirect_mmr",1.958789386359e-05,1.958789386359e-05,1.958789386359e-05
"842",NA,2013,"hiv_related_indirect_maternal_deaths",2497.53481918318,2497.53481918318,2497.53481918318
"843",NA,2013,"hiv_related_indirect_percentage",0.971027770651877,0.971027770651877,0.971027770651877
"844",NA,2013,"lifetime_risk",0.00434510805533588,0.00465496753620143,0.00501344793634223
"845",NA,2013,"lifetime_risk_1_in",230,215,199
"846",NA,2014,"mmr",186.862974720423,202.407703101713,222.232983921275
"847",NA,2014,"pm",0.0859977650966701,0.0931517339437668,0.102275691461017
"848",NA,2014,"maternal_deaths_aggregated_samples",238293.271252726,258116.375226398,283398.168085928
"849",NA,2014,"maternal_deaths_summation_of_country_estimates",252337.303585204,252337.303585204,252337.303585204
"850",NA,2014,"mmr_rate",0.000142036984840881,0.000142036984840881,0.000142036984840881
"851",NA,2014,"pm_mean",0.0938083968338181,0.0938083968338181,0.0938083968338181
"852",NA,2014,"mmr_mean",203.834553914471,203.834553914471,203.834553914471
"853",NA,2014,"births",127523000,127523000,127523000
"854",NA,2014,"hiv_related_indirect_mmr",1.73849973990111e-05,1.73849973990111e-05,1.73849973990111e-05
"855",NA,2014,"hiv_related_indirect_maternal_deaths",2216.9870233141,2216.9870233141,2216.9870233141
"856",NA,2014,"hiv_related_indirect_percentage",0.878580769396828,0.878580769396828,0.878580769396828
"857",NA,2014,"lifetime_risk",0.00410734118813368,0.00442290512258404,0.00480597460343019
"858",NA,2014,"lifetime_risk_1_in",243,226,208
"859",NA,2015,"mmr",184.182868626338,200.134745295986,221.633438871282
"860",NA,2015,"pm",0.0846026554278453,0.0919299988196335,0.101805219996634
"861",NA,2015,"maternal_deaths_aggregated_samples",232567.708214477,252710.142885242,279856.543262768
"862",NA,2015,"maternal_deaths_summation_of_country_estimates",246824.287159156,246824.287159156,246824.287159156
"863",NA,2015,"mmr_rate",0.000141121846138661,0.000141121846138661,0.000141121846138661
"864",NA,2015,"pm_mean",0.0927792914147044,0.0927792914147044,0.0927792914147044
"865",NA,2015,"mmr_mean",201.983684264535,201.983684264535,201.983684264535
"866",NA,2015,"births",126270000,126270000,126270000
"867",NA,2015,"hiv_related_indirect_mmr",1.61193210595102e-05,1.61193210595102e-05,1.61193210595102e-05
"868",NA,2015,"hiv_related_indirect_maternal_deaths",2035.38667018436,2035.38667018436,2035.38667018436
"869",NA,2015,"hiv_related_indirect_percentage",0.824629818082654,0.824629818082654,0.824629818082654
"870",NA,2015,"lifetime_risk",0.00407789577781489,0.00440013781457531,0.00482686750904523
"871",NA,2015,"lifetime_risk_1_in",245,227,207
"872",NA,2016,"mmr",180.888202686085,198.079794283515,222.190716219769
"873",NA,2016,"pm",0.0839491508308263,0.0919276673653689,0.103117404408693
"874",NA,2016,"maternal_deaths_aggregated_samples",229311.97454515,251105.755213213,281671.170951801
"875",NA,2016,"maternal_deaths_summation_of_country_estimates",244646.969536969,244646.969536969,244646.969536969
"876",NA,2016,"mmr_rate",0.000137945890414283,0.000137945890414283,0.000137945890414283
"877",NA,2016,"pm_mean",0.0929980742016294,0.0929980742016294,0.0929980742016294
"878",NA,2016,"mmr_mean",200.38623772979,200.38623772979,200.38623772979
"879",NA,2016,"births",126770000,126770000,126770000
"880",NA,2016,"hiv_related_indirect_mmr",1.47067900187234e-05,1.47067900187234e-05,1.47067900187234e-05
"881",NA,2016,"hiv_related_indirect_maternal_deaths",1864.37977067356,1864.37977067356,1864.37977067356
"882",NA,2016,"hiv_related_indirect_percentage",0.762069431802969,0.762069431802969,0.762069431802969
"883",NA,2016,"lifetime_risk",0.00396539399738659,0.00431048234008508,0.00478180326934744
"884",NA,2016,"lifetime_risk_1_in",252,232,209
"885",NA,2017,"mmr",179.826020404093,198.144294981774,225.841307511556
"886",NA,2017,"pm",0.0837735547989821,0.0923072863229724,0.105210186535733
"887",NA,2017,"maternal_deaths_aggregated_samples",226686.883061196,249778.716811074,284693.293835993
"888",NA,2017,"maternal_deaths_summation_of_country_estimates",242614.589771995,242614.589771995,242614.589771995
"889",NA,2017,"mmr_rate",0.000137762257194927,0.000137762257194927,0.000137762257194927
"890",NA,2017,"pm_mean",0.0937636758858957,0.0937636758858957,0.0937636758858957
"891",NA,2017,"mmr_mean",201.270540965808,201.270540965808,201.270540965808
"892",NA,2017,"births",126059000,126059000,126059000
"893",NA,2017,"hiv_related_indirect_mmr",1.41289853102136e-05,1.41289853102136e-05,1.41289853102136e-05
"894",NA,2017,"hiv_related_indirect_maternal_deaths",1781.08575922021,1781.08575922021,1781.08575922021
"895",NA,2017,"hiv_related_indirect_percentage",0.734121456130913,0.734121456130913,0.734121456130913
"896",NA,2017,"lifetime_risk",0.00395321469008379,0.00432020518067583,0.0048643472469437
"897",NA,2017,"lifetime_risk_1_in",253,231,206
"898",NA,2018,"mmr",182.204766963803,202.423951418447,233.685686005717
"899",NA,2018,"pm",0.0833889715224072,0.0926426097492798,0.106950050430877
"900",NA,2018,"maternal_deaths_aggregated_samples",223747.45383155,248576.612341853,286966.02241502
"901",NA,2018,"maternal_deaths_summation_of_country_estimates",240614.28445692,240614.28445692,240614.28445692
"902",NA,2018,"mmr_rate",0.000134688381832009,0.000134688381832009,0.000134688381832009
"903",NA,2018,"pm_mean",0.0943272105675214,0.0943272105675214,0.0943272105675214
"904",NA,2018,"mmr_mean",206.104801462656,206.104801462656,206.104801462656
"905",NA,2018,"births",122800000,122800000,122800000
"906",NA,2018,"hiv_related_indirect_mmr",1.31021879510779e-05,1.31021879510779e-05,1.31021879510779e-05
"907",NA,2018,"hiv_related_indirect_maternal_deaths",1608.94868039237,1608.94868039237,1608.94868039237
"908",NA,2018,"hiv_related_indirect_percentage",0.668683774957026,0.668683774957026,0.668683774957026
"909",NA,2018,"lifetime_risk",0.00384925044887054,0.00423765685510294,0.00482928512871368
"910",NA,2018,"lifetime_risk_1_in",260,236,207
"911",NA,2019,"mmr",182.105261462689,203.423494696069,237.465527829659
"912",NA,2019,"pm",0.0824346208370397,0.0920848663016351,0.107494866382629
"913",NA,2019,"maternal_deaths_aggregated_samples",220097.88216165,245863.73839451,287007.96090076
"914",NA,2019,"maternal_deaths_summation_of_country_estimates",237665.46906643,237665.46906643,237665.46906643
"915",NA,2019,"mmr_rate",0.000133610148950746,0.000133610148950746,0.000133610148950746
"916",NA,2019,"pm_mean",0.0940047845071011,0.0940047845071011,0.0940047845071011
"917",NA,2019,"mmr_mean",207.664761329472,207.664761329472,207.664761329472
"918",NA,2019,"births",120863000,120863000,120863000
"919",NA,2019,"hiv_related_indirect_mmr",1.21121210466357e-05,1.21121210466357e-05,1.21121210466357e-05
"920",NA,2019,"hiv_related_indirect_maternal_deaths",1463.90728605953,1463.90728605953,1463.90728605953
"921",NA,2019,"hiv_related_indirect_percentage",0.615952873511616,0.615952873511616,0.615952873511616
"922",NA,2019,"lifetime_risk",0.00380911957259583,0.00422095614147508,0.00485322523577681
"923",NA,2019,"lifetime_risk_1_in",263,237,206
"924",NA,2020,"mmr",179.092475388416,201.09231394536,237.471562498428
"925",NA,2020,"pm",0.0779857236573905,0.087565541717798,0.103406866253461
"926",NA,2020,"maternal_deaths_aggregated_samples",210906.462716415,236814.352594614,279656.010860649
"927",NA,2020,"maternal_deaths_summation_of_country_estimates",228166.100917041,228166.100917041,228166.100917041
"928",NA,2020,"mmr_rate",0.000127545710194919,0.000127545710194919,0.000127545710194919
"929",NA,2020,"pm_mean",0.089652710542883,0.089652710542883,0.089652710542883
"930",NA,2020,"mmr_mean",205.885450610735,205.885450610735,205.885450610735
"931",NA,2020,"births",117764000,117764000,117764000
"932",NA,2020,"hiv_related_indirect_mmr",1.13420337996191e-05,1.13420337996191e-05,1.13420337996191e-05
"933",NA,2020,"hiv_related_indirect_maternal_deaths",1335.68326837834,1335.68326837834,1335.68326837834
"934",NA,2020,"hiv_related_indirect_percentage",0.585399523860024,0.585399523860024,0.585399523860024
"935",NA,2020,"lifetime_risk",0.00365229991615134,0.00406059600835933,0.00473074315311671
"936",NA,2020,"lifetime_risk_1_in",274,246,211
"937",NA,NA,"mmr",NA,NA,NA
"938",NA,NA,"pm",NA,NA,NA
"939",NA,NA,"maternal_deaths_aggregated_samples",NA,NA,NA
"940",NA,NA,"maternal_deaths_summation_of_country_estimates",NA,NA,NA
"941",NA,NA,"mmr_rate",NA,NA,NA
"942",NA,NA,"pm_mean",NA,NA,NA
"943",NA,NA,"mmr_mean",NA,NA,NA
"944",NA,NA,"births",NA,NA,NA
"945",NA,NA,"hiv_related_indirect_mmr",NA,NA,NA
"946",NA,NA,"hiv_related_indirect_maternal_deaths",NA,NA,NA
"947",NA,NA,"hiv_related_indirect_percentage",NA,NA,NA
"948",NA,NA,"lifetime_risk",NA,NA,NA
"949",NA,NA,"lifetime_risk_1_in",NA,NA,NA
